	algorithm_name	feature_selection	hyperparameters	size_target	additional_features	test_size	coefficients	accuracy
0	Multiple Linear Regression	False		vmlinux	True	0.9	"DEBUG_INFO_1                      7.177512e+07
DEBUG_INFO_0                      7.177511e+07
DEBUG_INFO_SPLIT_1                3.813301e+07
DEBUG_INFO_SPLIT_0                3.813301e+07
DEBUG_INFO_REDUCED_0              3.239211e+07
DEBUG_INFO_REDUCED_1              3.239211e+07
UBSAN_SANITIZE_ALL_1              2.022174e+07
UBSAN_SANITIZE_ALL_0              2.022174e+07
GDB_SCRIPTS_1                     1.109326e+07
GDB_SCRIPTS_0                     1.109326e+07
GCOV_PROFILE_ALL_1                1.054300e+07
GCOV_PROFILE_ALL_0                1.054300e+07
X86_NEED_RELOCS_0                 1.040989e+07
RANDOMIZE_BASE_0                  1.040989e+07
X86_NEED_RELOCS_1                 1.040989e+07
RANDOMIZE_BASE_1                  1.040989e+07
SAMSUNG_Q10_0                     1.006833e+07
SND_CMIPCI_1                      9.799190e+06
USB_DWC3_OF_SIMPLE_1              9.448006e+06
SND_CMIPCI_0                      9.037202e+06
BLK_DEV_HPT366_1                  9.035868e+06
SCSI_STEX_0                       9.028506e+06
IR_WINBOND_CIR_0                  8.793864e+06
DEBUG_INFO_DWARF4_1               8.558112e+06
DEBUG_INFO_DWARF4_0               8.558112e+06
IEEE802154_FAKELB_0               8.485574e+06
CHARGER_CPCAP_0                   8.474605e+06
RDMA_RXE_1                        8.363076e+06
RDMA_RXE_0                        8.348140e+06
USB_SERIAL_MOS7840_1              8.347356e+06
                                      ...     
ARMADA_AP806_SYSCON_0             3.291752e-03
SCC_DELAY_0                       3.208035e-03
FB_TCX_0                          3.207374e-03
WANT_COMPAT_NETLINK_MESSAGES_0    3.204837e-03
SND_ATMEL_AC97C_0                 3.168716e-03
SGI_O2MACE_ETH_0                  3.093975e-03
PNX833X_WDT_0                     2.987121e-03
ARCH_INLINE_SPIN_LOCK_0           2.910709e-03
DEBUG_IMR_SELFTEST_0              2.761200e-03
ARM_CCI400_COMMON_0               2.738983e-03
PINCTRL_WM8505_0                  2.427206e-03
VFIO_IOMMU_SPAPR_TCE_0            2.037581e-03
TI_CPSW_PHY_SEL_0                 1.926078e-03
DRM_HDLCD_0                       1.859467e-03
MIPS_CPS_CPUIDLE_0                1.750223e-03
CRYPTO_SHA256_S390_0              1.677745e-03
TEGRA_GMI_0                       1.578392e-03
CLK_R8A7791_0                     1.458215e-03
ARM_U8500_CPUIDLE_0               1.255925e-03
SPI_OMAP_UWIRE_0                  1.234685e-03
FB_P9100_0                        1.224779e-03
IO_DELAY_UDELAY_0                 1.023650e-03
SOUND_WAVEARTIST_0                9.881032e-04
CRYPTO_DEV_HIFN_795X_0            9.521078e-04
HVC_IUCV_0                        8.843216e-04
DA8XX_MSTPRI_0                    7.946049e-04
RTC_DRV_TWL92330_0                6.462544e-04
SND_SUN_CS4231_0                  5.672080e-04
CAN_MSCAN_0                       2.198610e-04
ARMADA_39X_CLK_0                  7.628463e-06
Length: 25745, dtype: float64"	"count    83224.000000
mean       213.891041
std        203.804810
min          0.005252
25%         64.604147
50%        153.526652
75%        299.846938
max       2049.541505
Name: % error, dtype: float64"
1	Multiple Linear Regression	False		vmlinux	True	0.8	"nbyesmodule                         1.336812e+17
nbyes                               1.109822e+17
nbmodule                            1.109726e+17
nbno                                2.271688e+16
TEXTSEARCH_FSM_0                    1.520916e+15
MPLS_0                              1.279776e+15
MPLS_1                              1.261847e+15
GENERIC_CLOCKEVENTS_MIN_ADJUST_1    7.673536e+14
X86_LOCAL_APIC_1                    6.854990e+14
TEXTSEARCH_BM_0                     6.841623e+14
TEXTSEARCH_FSM_1                    6.737930e+14
GENERIC_FIND_FIRST_BIT_1            5.258640e+14
TEXTSEARCH_BM_2                     5.095906e+14
NFC_SHDLC_1                         4.996488e+14
NFC_SHDLC_0                         4.817192e+14
NFC_HCI_1                           4.530987e+14
NFC_HCI_2                           4.434546e+14
NFC_HCI_0                           4.351691e+14
GENERIC_CPU_AUTOPROBE_1             3.682505e+14
NETFILTER_XT_MATCH_TCPMSS_0         3.185374e+14
TEXTSEARCH_FSM_2                    3.105916e+14
NETFILTER_XT_MATCH_TCPMSS_2         3.102519e+14
NETFILTER_XT_MATCH_TCPMSS_1         3.006078e+14
GENERIC_EARLY_IOREMAP_1             2.895776e+14
OPENVSWITCH_0                       2.728785e+14
USB_ISP1760_HOST_ROLE_1             2.699256e+14
OPENVSWITCH_2                       2.645930e+14
OPENVSWITCH_1                       2.549489e+14
OPENVSWITCH_GRE_0                   2.422252e+14
OPENVSWITCH_GRE_2                   2.339397e+14
                                        ...     
SND_SOC_TEGRA30_I2S_0               3.725290e-09
FSL_DPAA2_0                         3.725290e-09
IMA_KEXEC_0                         3.725290e-09
SND_SOC_TEGRA20_I2S_0               3.026798e-09
EXYNOS_IOMMU_0                      2.793968e-09
PWM_JZ4740_0                        2.793968e-09
WIZNET_BUS_INDIRECT_0               2.793968e-09
LEDS_COBALT_QUBE_0                  2.328306e-09
FSL_DPAA2_ETH_0                     1.862645e-09
CRYPTO_DEV_ROCKCHIP_0               1.862645e-09
CRYPTO_DEV_VMX_ENCRYPT_0            1.862645e-09
PXA_FICP_0                          1.862645e-09
SPEAR13XX_PCIE_GADGET_0             1.862645e-09
TI_PIPE3_0                          1.862645e-09
CRYPTO_DEV_BCM_SPU_0                1.862645e-09
LEDS_SUNFIRE_0                      1.862645e-09
TOSHIBA_FIR_0                       1.862645e-09
SERIAL_BFIN_UART1_0                 1.862645e-09
RADIO_ZOLTRIX_0                     1.862645e-09
HOTPLUG_PCI_S390_0                  1.862645e-09
SND_EP93XX_SOC_I2S_0                1.862645e-09
HWSPINLOCK_OMAP_0                   1.862645e-09
MSP_FLASH_MAP_LIMIT_32M_0           1.862645e-09
KEYBOARD_LPC32XX_0                  1.629815e-09
RADIO_MIROPCM20_0                   1.629815e-09
PWM_BRCMSTB_0                       1.164153e-09
AU1000_FIR_0                        9.313226e-10
TEGRA20_APB_DMA_0                   9.313226e-10
HOTPLUG_PCI_RPA_DLPAR_0             9.022187e-10
RTC_DRV_PIC32_0                     2.328306e-10
Length: 26364, dtype: float64"	"count    7.397700e+04
mean     3.921063e+05
std      3.548426e+07
min      5.713122e-05
25%      6.426328e+01
50%      1.572526e+02
75%      3.184200e+02
max      5.659321e+09
Name: % error, dtype: float64"
2	Lasso	False	alpha=0.03, copy_X=True, fit_intercept=True, max_iter=1000, normalize=False, positive=False, precompute=False, random_state=None, selection='cyclic', tol=0.0001, warm_start=False	vmlinux	True	0.9	"XEN_BLKDEV_BACKEND_2                2.005286e+08
DEBUG_INFO_0                        1.338273e+08
DRM_I915_GVT_KVMGT_0                8.131067e+07
DEBUG_INFO_SPLIT_0                  8.015019e+07
DEBUG_INFO_REDUCED_0                7.969165e+07
INFINIBAND_USNIC_2                  7.436542e+07
CRYPTO_AES_0                        7.346200e+07
CARL9170_HWRNG_0                    6.832910e+07
VIDEO_EXYNOS4_FIMC_IS_2             6.682274e+07
DEFAULT_BBR_0                       6.399586e+07
CHELSIO_T4_FCOE_0                   6.104543e+07
DEFAULT_RENO_0                      6.018984e+07
XEN_NETDEV_BACKEND_2                5.951634e+07
VIDEO_COBALT_0                      5.591985e+07
DRM_I915_GVT_KVMGT_2                5.423800e+07
DRM_I915_GVT_KVMGT_1                5.422587e+07
UBSAN_SANITIZE_ALL_0                5.244341e+07
QEDF_0                              5.181455e+07
CARL9170_2                          4.583103e+07
CRYPTO_SEQIV_0                      4.573768e+07
DEFAULT_CDG_0                       4.568864e+07
KASAN_0                             4.318165e+07
IMA_LOAD_X509_0                     4.126219e+07
VIDEO_COBALT_2                      4.051260e+07
VIDEO_EXYNOS4_FIMC_IS_1             4.013914e+07
AR5523_0                            3.784120e+07
RANDOMIZE_BASE_0                    3.664562e+07
DWMAC_DWC_QOS_ETH_2                 3.632530e+07
DWMAC_DWC_QOS_ETH_0                 3.575207e+07
PCMCIA_ATMEL_2                      3.423160e+07
                                        ...     
WATCHDOG_CORE_1                     5.119598e-12
ACPI_1                              5.100451e-12
SCHEDSTATS_1                        4.578633e-12
I2C_DESIGNWARE_SLAVE_1              4.435028e-12
GRO_CELLS_1                         3.801708e-12
DNOTIFY_1                           3.676107e-12
XZ_DEC_POWERPC_1                    3.631323e-12
BTRFS_FS_POSIX_ACL_1                3.614324e-12
OF_DYNAMIC_1                        3.577160e-12
THP_SWAP_1                          3.484895e-12
ELFCORE_1                           3.422117e-12
MAC80211_RC_MINSTREL_1              3.412597e-12
SPARSEMEM_VMEMMAP_0                 2.802697e-12
X86_MCE_1                           2.784385e-12
INOTIFY_USER_1                      2.752536e-12
PM_DEVFREQ_1                        2.344617e-12
PANTHERLORD_FF_1                    2.306062e-12
GENERIC_PINCONF_1                   2.275782e-12
EVENT_TRACING_1                     2.036306e-12
SPARSEMEM_VMEMMAP_1                 1.694818e-12
ARCH_ENABLE_HUGEPAGE_MIGRATION_1    1.607523e-12
COMPAT_1                            1.540342e-12
SUSPEND_FREEZER_1                   1.202077e-12
POWER_SUPPLY_DEBUG_1                1.169389e-12
SND_SOC_TOPOLOGY_1                  1.077746e-12
RCU_STALL_COMMON_1                  1.027602e-12
LIBFDT_1                            9.359838e-13
MODULE_FORCE_LOAD_1                 6.083167e-13
MEMBARRIER_1                        3.770028e-13
INTEL_SCU_IPC_1                     1.287037e-13
Length: 23663, dtype: float64"	"count    83224.000000
mean       226.788780
std        220.784261
min          0.000727
25%         66.785125
50%        159.768501
75%        316.911207
max       2495.042950
Name: % error, dtype: float64"
3	Lasso	False	alpha=0.5, copy_X=True, fit_intercept=True, max_iter=1000, normalize=False, positive=False, precompute=False, random_state=None, selection='cyclic', tol=0.0001, warm_start=False	vmlinux	True	0.8	"DEBUG_INFO_0                     2.208956e+08
DEFAULT_BBR_0                    2.115608e+08
BITREVERSE_1                     1.780158e+08
RTL8192CE_2                      1.340840e+08
DEBUG_INFO_SPLIT_0               1.233242e+08
DEBUG_INFO_REDUCED_0             1.183760e+08
XEN_BLKDEV_BACKEND_2             1.166454e+08
RTL8192CE_1                      1.161140e+08
FW_LOADER_0                      1.069251e+08
DEFAULT_CDG_0                    9.825571e+07
RT2800_LIB_2                     8.901887e+07
RT2800_LIB_1                     8.598342e+07
RT2800_LIB_MMIO_2                8.406857e+07
RT2800_LIB_MMIO_1                8.247021e+07
IWLWIFI_0                        8.216224e+07
VIDEO_EXYNOS4_IS_COMMON_2        8.147321e+07
RTLWIFI_PCI_2                    7.826913e+07
CRYPTO_GLUE_HELPER_X86_0         7.742361e+07
RTLWIFI_PCI_0                    7.338510e+07
RT2800_LIB_0                     7.211997e+07
RT2800_LIB_MMIO_0                7.196153e+07
ATH9K_TX99_0                     7.184628e+07
B43_0                            6.962388e+07
RT2X00_LIB_CRYPTO_0              6.762178e+07
VIDEO_BCM2835_0                  6.702899e+07
XEN_NETDEV_BACKEND_2             6.580761e+07
RTL8192C_COMMON_2                6.547215e+07
RTLWIFI_PCI_1                    6.428864e+07
CRC32_1                          6.063398e+07
IWLWIFI_PCIE_RTPM_0              6.052043e+07
                                     ...     
NET_TULIP_1                      3.325048e-11
FB_VIA_X_COMPATIBILITY_1         3.121761e-11
PROC_KCORE_1                     2.995555e-11
NET_CLS_IND_1                    2.973610e-11
ASM9260_TIMER_1                  2.812566e-11
WEXT_PROC_1                      2.769877e-11
PREVENT_FIRMWARE_BUILD_1         2.741327e-11
SERIAL_IMX_CONSOLE_1             2.494481e-11
TOUCHSCREEN_USB_E2I_1            2.436543e-11
XPS_1                            2.294737e-11
GENERIC_IRQ_DEBUGFS_1            2.256083e-11
CRYPTO_MANAGER_2                 1.653240e-11
MFD_TPS6586X_1                   1.640245e-11
PCI_REALLOC_ENABLE_AUTO_1        1.532863e-11
PROC_FS_1                        1.517059e-11
SYSTEM_TRUSTED_KEYRING_1         1.393924e-11
COMMON_CLK_MT2701_IMGSYS_1       1.338933e-11
X86_SUPPORTS_MEMORY_FAILURE_1    1.289324e-11
AMIGA_PARTITION_1                1.233232e-11
NETFILTER_DEBUG_1                9.557162e-12
CLK_BCM_NSP_1                    9.354910e-12
BPF_1                            8.937077e-12
ASYNC_TX_DMA_1                   6.512850e-12
SUN50I_A64_CCU_1                 5.571954e-12
SND_PCM_OSS_PLUGINS_1            5.043957e-12
PRINTK_1                         4.928097e-12
WARN_ALL_UNSEEDED_RANDOM_1       4.834574e-12
GPIO_TPS6586X_1                  2.610273e-12
HARDLOCKUP_DETECTOR_1            8.182756e-13
BATMAN_ADV_DAT_1                 6.624260e-13
Length: 23637, dtype: float64"	"count    73977.000000
mean       231.514744
std        241.269306
min          0.002763
25%         63.996275
50%        154.830362
75%        314.776636
max       2542.943596
Name: % error, dtype: float64"
4	Ridge Regression	False	alpha=0.5, copy_X=True, fit_intercept=True, max_iter=None, normalize=False, random_state=None, solver='auto', tol=0.001	vmlinux	True	0.9	"DEBUG_INFO_1                7.146505e+07
DEBUG_INFO_0                7.146505e+07
DEBUG_INFO_SPLIT_0          3.790445e+07
DEBUG_INFO_SPLIT_1          3.790445e+07
DEBUG_INFO_REDUCED_0        3.221887e+07
DEBUG_INFO_REDUCED_1        3.221887e+07
UBSAN_SANITIZE_ALL_0        2.018690e+07
UBSAN_SANITIZE_ALL_1        2.018690e+07
GDB_SCRIPTS_0               1.109522e+07
GDB_SCRIPTS_1               1.109522e+07
GCOV_PROFILE_ALL_0          1.053838e+07
GCOV_PROFILE_ALL_1          1.053838e+07
X86_NEED_RELOCS_0           1.040009e+07
RANDOMIZE_BASE_0            1.040009e+07
X86_NEED_RELOCS_1           1.040009e+07
RANDOMIZE_BASE_1            1.040009e+07
SAMSUNG_Q10_0               9.983558e+06
SND_CMIPCI_1                9.654900e+06
USB_DWC3_OF_SIMPLE_1        9.340860e+06
BLK_DEV_HPT366_1            8.959824e+06
SND_CMIPCI_0                8.925966e+06
SCSI_STEX_0                 8.891861e+06
IR_WINBOND_CIR_0            8.678788e+06
DEBUG_INFO_DWARF4_0         8.624545e+06
DEBUG_INFO_DWARF4_1         8.624545e+06
IEEE802154_FAKELB_0         8.402087e+06
CHARGER_CPCAP_0             8.362102e+06
RDMA_RXE_1                  8.307912e+06
RDMA_RXE_0                  8.296703e+06
USB_SERIAL_MOS7840_1        8.262548e+06
                                ...     
THERMAL_WRITABLE_TRIPS_0    2.464850e+03
BRIDGE_EBT_T_FILTER_2       2.434594e+03
VIDEO_BT819_0               2.382453e+03
LEDS_BLINKM_0               2.379819e+03
DVB_M88DS3103_1             2.313180e+03
TOUCHSCREEN_EETI_2          2.272085e+03
SND_SOC_SIRF_USP_2          2.269699e+03
X86_MCE_THRESHOLD_1         2.249033e+03
X86_MCE_THRESHOLD_0         2.249033e+03
FMC_TRIVIAL_2               2.210476e+03
DRM_VIRTIO_GPU_0            2.181324e+03
SND_AT73C213_2              1.996030e+03
UWB_WHCI_1                  1.963192e+03
OF_MDIO_1                   1.785565e+03
VIDEO_MXB_2                 1.781611e+03
GRACE_PERIOD_1              1.756534e+03
LOCKD_1                     1.756534e+03
SUNRPC_1                    1.756534e+03
HID_DRAGONRISE_0            1.517384e+03
TELCLOCK_2                  1.500026e+03
ADIS16400_0                 1.338664e+03
MAC80211_MPATH_DEBUG_0      1.220036e+03
MAC80211_MPATH_DEBUG_1      1.220036e+03
COMEDI_ADDI_APCI_16XX_0     1.120752e+03
nbyesmodule                 1.109427e+03
nbno                        1.109427e+03
NET_VENDOR_REALTEK_1        8.620436e+02
NET_VENDOR_REALTEK_0        8.620436e+02
AF_RXRPC_2                  4.442485e+02
TOUCHSCREEN_ELAN_0          1.720231e+02
Length: 24691, dtype: float64"	"count    83224.000000
mean       211.773312
std        201.640519
min          0.012595
25%         64.050928
50%        152.144301
75%        296.747226
max       2024.500024
Name: % error, dtype: float64"
5	Ridge Regression	False	alpha=0.5, copy_X=True, fit_intercept=True, max_iter=None, normalize=False, random_state=None, solver='auto', tol=0.001	vmlinux	True	0.8	"DEBUG_INFO_1                     1.098532e+08
DEBUG_INFO_0                     1.098532e+08
DEBUG_INFO_SPLIT_1               6.148834e+07
DEBUG_INFO_SPLIT_0               6.148834e+07
RTL8192CE_2                      6.069639e+07
DEBUG_INFO_REDUCED_0             5.854657e+07
DEBUG_INFO_REDUCED_1             5.854657e+07
RTL8192CE_1                      5.813505e+07
RT2800_LIB_1                     5.620449e+07
USB_USBNET_2                     4.422391e+07
BITREVERSE_1                     3.784791e+07
BITREVERSE_2                     3.784791e+07
VIDEO_BCM2835_0                  3.721856e+07
DVB_MANTIS_2                     3.559873e+07
VIDEO_MT9M114_2                  3.537502e+07
USB_MUSB_JZ4740_1                3.482413e+07
LIBERTAS_1                       3.459961e+07
LIBERTAS_CS_1                    3.436082e+07
IWLWIFI_1                        3.424945e+07
DWMAC_MESON_2                    3.406191e+07
DVB_USB_V2_0                     3.389362e+07
RT2800_LIB_0                     3.387045e+07
HIP04_ETH_2                      3.380074e+07
SCSI_QLA_FC_1                    3.375080e+07
HISAX_TELES_CS_1                 3.343249e+07
USB_USBNET_0                     3.332309e+07
P54_PCI_2                        3.327805e+07
MT7601U_2                        3.246765e+07
XEN_BLKDEV_BACKEND_2             3.205496e+07
IP_VS_0                          3.106195e+07
                                     ...     
BACKLIGHT_TPS65217_0             3.016705e+03
PSTORE_0                         2.966786e+03
PSTORE_ZLIB_COMPRESS_0           2.966786e+03
PSTORE_ZLIB_COMPRESS_1           2.966786e+03
FORTIFY_SOURCE_1                 2.941971e+03
FORTIFY_SOURCE_0                 2.941971e+03
SERIAL_ATMEL_CONSOLE_1           2.829346e+03
SERIAL_ATMEL_CONSOLE_0           2.829346e+03
SND_MONA_2                       2.574312e+03
SND_EDMA_SOC_0                   2.506564e+03
ALIENWARE_WMI_0                  2.473353e+03
BACKLIGHT_AAT2870_0              2.010567e+03
SND_SOC_SIRF_AUDIO_CODEC_1       1.703600e+03
POWER_RESET_AS3722_0             1.620832e+03
POWER_RESET_AS3722_1             1.620832e+03
nbmodule                         1.516408e+03
XILLYBUS_OF_2                    1.453566e+03
SP5100_TCO_1                     1.379268e+03
CRYPTO_DEV_S5P_0                 8.214653e+02
VIDEO_IR_I2C_2                   7.598898e+02
W83627HF_WDT_0                   7.027370e+02
LEDS_LT3593_0                    5.700353e+02
AD7152_0                         5.598208e+02
BT_RTL_2                         5.430000e+02
CRYPTO_SHA1_MB_0                 4.638522e+02
W1_SLAVE_DS2780_1                4.541633e+02
MEMBARRIER_1                     2.177348e+02
MEMBARRIER_0                     2.177348e+02
DEBUG_LOCKING_API_SELFTESTS_0    2.018803e+02
DEBUG_LOCKING_API_SELFTESTS_1    2.018803e+02
Length: 24694, dtype: float64"	"count    73977.000000
mean       217.039148
std        223.561947
min          0.000958
25%         60.818205
50%        146.670428
75%        295.835761
max       2305.286392
Name: % error, dtype: float64"
6	ElasticNet	False	alpha=0.5, copy_X=True, fit_intercept=True, l1_ratio=0.5, max_iter=1000, normalize=False, positive=False, precompute=False, random_state=None, selection='cyclic', tol=0.0001, warm_start=False	vmlinux	True	0.9	"DEBUG_INFO_1                         1.613479e+07
DEBUG_INFO_0                         1.613470e+07
DEBUG_INFO_DWARF4_1                  7.455640e+06
DEBUG_INFO_DWARF4_0                  7.455638e+06
GDB_SCRIPTS_0                        7.127812e+06
GDB_SCRIPTS_1                        7.127797e+06
UBSAN_SANITIZE_ALL_1                 7.100080e+06
UBSAN_SANITIZE_ALL_0                 7.100043e+06
RANDOMIZE_BASE_0                     6.006872e+06
RANDOMIZE_BASE_1                     6.006839e+06
X86_NEED_RELOCS_0                    6.006806e+06
X86_NEED_RELOCS_1                    6.006772e+06
GCOV_PROFILE_ALL_0                   4.973516e+06
GCOV_PROFILE_ALL_1                   4.973513e+06
KASAN_1                              3.848091e+06
KASAN_0                              3.848088e+06
KASAN_OUTLINE_1                      3.847450e+06
KASAN_OUTLINE_0                      3.847447e+06
XFS_DEBUG_1                          2.944165e+06
XFS_DEBUG_0                          2.944160e+06
UBSAN_ALIGNMENT_0                    2.278409e+06
UBSAN_ALIGNMENT_1                    2.278382e+06
RELOCATABLE_0                        1.814901e+06
RELOCATABLE_1                        1.814868e+06
RANDOMIZE_MEMORY_0                   1.786108e+06
RANDOMIZE_MEMORY_1                   1.786096e+06
CONSTRUCTORS_1                       1.687492e+06
CONSTRUCTORS_0                       1.687490e+06
LOCK_STAT_0                          1.648796e+06
LOCK_STAT_1                          1.648781e+06
                                         ...     
RENESAS_DMA_1                        2.830203e+02
DEFAULT_SECURITY_APPARMOR_1          2.813266e+02
SND_SOC_STAC9766_0                   2.808648e+02
SND_SOC_INTEL_BYTCR_RT5640_MACH_1    2.760893e+02
SND_ICE1724_2                        2.603689e+02
SENSORS_THMC50_2                     2.282337e+02
SND_SOC_SIRF_AUDIO_0                 2.011256e+02
SPI_FSL_QUADSPI_0                    1.972852e+02
VIDEO_M52790_1                       1.840913e+02
PWM_LPSS_PCI_1                       1.806489e+02
IR_RX51_1                            1.790570e+02
CRYPTO_RNG_DEFAULT_2                 1.769526e+02
LEDS_GPIO_2                          1.744676e+02
SND_SOC_WM8940_2                     1.669700e+02
RTC_DRV_RX6110_2                     1.651123e+02
SND_SOC_MAX9860_2                    1.581418e+02
IPDDP_ENCAP_0                        1.497350e+02
IPDDP_ENCAP_1                        1.385336e+02
AM335X_CONTROL_USB_1                 1.332369e+02
USB_M5602_2                          1.284247e+02
NET_IPVTI_1                          1.246870e+02
AM335X_PHY_USB_1                     1.129461e+02
ATM_ZATM_1                           9.556976e+01
AX25_1                               8.637984e+01
CRC_ITU_T_0                          5.510529e+01
COMEDI_AMPLC_PC263_ISA_0             3.780703e+01
SND_SOC_INTEL_SST_2                  3.762523e+01
IMX_THERMAL_2                        3.729567e+01
SND_SOC_INTEL_SST_ACPI_2             2.311003e+01
SND_SOC_INTEL_SST_MATCH_2            4.508699e+00
Length: 24691, dtype: float64"	"count    83224.000000
mean        61.652284
std         51.964269
min          0.000415
25%         22.189937
50%         48.419668
75%         86.745012
max        715.136796
Name: % error, dtype: float64"
7	ElasticNet	False	alpha=0.2, copy_X=True, fit_intercept=True, l1_ratio=0.5, max_iter=1000, normalize=False, positive=False, precompute=False, random_state=None, selection='cyclic', tol=0.0001, warm_start=False	vmlinux	True	0.8	"DEBUG_INFO_0                           2.833128e+07
DEBUG_INFO_1                           2.833123e+07
UBSAN_SANITIZE_ALL_1                   1.253772e+07
UBSAN_SANITIZE_ALL_0                   1.253771e+07
DEBUG_INFO_DWARF4_0                    1.221314e+07
DEBUG_INFO_DWARF4_1                    1.221295e+07
GDB_SCRIPTS_0                          1.089791e+07
GDB_SCRIPTS_1                          1.089784e+07
GCOV_PROFILE_ALL_1                     8.441728e+06
GCOV_PROFILE_ALL_0                     8.441519e+06
RANDOMIZE_BASE_0                       7.836834e+06
RANDOMIZE_BASE_1                       7.836776e+06
X86_NEED_RELOCS_0                      7.836684e+06
X86_NEED_RELOCS_1                      7.836622e+06
DEBUG_INFO_SPLIT_1                     6.640065e+06
DEBUG_INFO_SPLIT_0                     6.639894e+06
DEBUG_INFO_REDUCED_1                   5.351356e+06
DEBUG_INFO_REDUCED_0                   5.351244e+06
KASAN_1                                4.916822e+06
KASAN_0                                4.916792e+06
KASAN_OUTLINE_1                        4.916085e+06
KASAN_OUTLINE_0                        4.916029e+06
XFS_DEBUG_0                            3.848278e+06
XFS_DEBUG_1                            3.848275e+06
UBSAN_ALIGNMENT_0                      3.007749e+06
UBSAN_ALIGNMENT_1                      3.007646e+06
KCOV_INSTRUMENT_ALL_0                  2.163606e+06
KCOV_INSTRUMENT_ALL_1                  2.163419e+06
SAMSUNG_Q10_1                          1.639063e+06
DVB_VES1X93_0                          1.553052e+06
                                           ...     
USB_NET2280_2                          2.528047e+02
OMAP3_THERMAL_0                        2.437914e+02
KVM_GENERIC_DIRTYLOG_READ_PROTECT_1    2.427911e+02
ATM_ZATM_1                             2.235814e+02
IPQ_GCC_8074_2                         2.185718e+02
SND_OXYGEN_LIB_1                       2.127086e+02
UPROBE_EVENTS_0                        1.995665e+02
MEGARAID_NEWGEN_0                      1.853162e+02
XEN_SAVE_RESTORE_1                     1.751159e+02
MDIO_BUS_MUX_2                         1.712773e+02
HAVE_KVM_IRQ_BYPASS_0                  1.559548e+02
IPQ_GCC_806X_0                         1.526974e+02
INET_XFRM_TUNNEL_1                     1.335641e+02
HAVE_KVM_IRQ_BYPASS_1                  1.332572e+02
BLK_DEV_ATIIXP_2                       1.265856e+02
SWIOTLB_XEN_1                          1.136077e+02
BACKLIGHT_TPS65217_2                   1.133419e+02
OMAP3_THERMAL_1                        1.126789e+02
SCSI_UFSHCD_PLATFORM_2                 1.114164e+02
VFIO_MDEV_1                            1.024072e+02
FPGA_REGION_1                          9.986247e+01
COMMON_CLK_VC5_2                       9.721984e+01
MEGARAID_NEWGEN_1                      7.962189e+01
DVB_MB86A20S_0                         7.526457e+01
NETFILTER_XT_TARGET_AUDIT_0            5.909030e+01
BPQETHER_1                             4.871294e+01
XEN_SAVE_RESTORE_0                     3.505056e+01
APQ_GCC_8084_0                         1.935609e+01
THERMAL_2                              1.597950e+01
CRYPTO_RNG_DEFAULT_0                   1.289705e+01
Length: 24694, dtype: float64"	"count    73977.000000
mean        59.839469
std         50.464430
min          0.001501
25%         21.753852
50%         47.121429
75%         84.157337
max        572.698611
Name: % error, dtype: float64"
8	Multiple Linear Regression	False		vmlinux	False	0.9	"DEBUG_INFO_1                            7.182488e+07
DEBUG_INFO_0                            7.173663e+07
DEBUG_INFO_SPLIT_0                      3.811683e+07
DEBUG_INFO_SPLIT_1                      3.811683e+07
DEBUG_INFO_REDUCED_0                    3.239082e+07
DEBUG_INFO_REDUCED_1                    3.236006e+07
UBSAN_SANITIZE_ALL_1                    2.023746e+07
UBSAN_SANITIZE_ALL_0                    2.021000e+07
GDB_SCRIPTS_1                           1.112766e+07
GDB_SCRIPTS_0                           1.107319e+07
GCOV_PROFILE_ALL_1                      1.056234e+07
GCOV_PROFILE_ALL_0                      1.056234e+07
RANDOMIZE_BASE_0                        1.046915e+07
X86_NEED_RELOCS_0                       1.046915e+07
RANDOMIZE_BASE_1                        1.037339e+07
X86_NEED_RELOCS_1                       1.037339e+07
SAMSUNG_Q10_0                           1.004014e+07
SND_CMIPCI_1                            9.789541e+06
USB_DWC3_OF_SIMPLE_1                    9.433606e+06
SND_CMIPCI_0                            9.083586e+06
BLK_DEV_HPT366_1                        9.016147e+06
SCSI_STEX_0                             8.999674e+06
IR_WINBOND_CIR_0                        8.787355e+06
DEBUG_INFO_DWARF4_1                     8.557455e+06
DEBUG_INFO_DWARF4_0                     8.547663e+06
IEEE802154_FAKELB_0                     8.531725e+06
CHARGER_CPCAP_0                         8.464379e+06
RDMA_RXE_1                              8.367646e+06
RDMA_RXE_0                              8.339900e+06
USB_SERIAL_MOS7840_1                    8.305650e+06
                                            ...     
SUNXI_RSB_0                             9.699919e+01
HISAX_16_0_0                            8.215682e+01
BACKLIGHT_LOCOMO_0                      7.910638e+01
X86_32_SMP_0                            7.849649e+01
ARMADA_38X_CLK_0                        7.778012e+01
TEGRA_AHB_0                             7.667370e+01
RALINK_WDT_0                            7.338170e+01
TI_CPSW_PHY_SEL_0                       7.331878e+01
TI_DAVINCI_MDIO_0                       7.282646e+01
HISAX_ISURF_0                           6.559801e+01
MMC_MESON_GX_0                          6.431232e+01
ARCH_INLINE_SPIN_UNLOCK_IRQRESTORE_0    6.274436e+01
CAN_MSCAN_0                             6.039657e+01
ARM_S3C2416_CPUFREQ_VCORESCALE_0        5.015705e+01
SCx200_GPIO_0                           4.742658e+01
CPU_FREQ_PMAC64_0                       4.738419e+01
TI_CPPI41_0                             4.366159e+01
VIDEO_OMAP4_0                           3.981878e+01
MAC_FLOPPY_0                            3.621087e+01
HAVE_KERNEL_GZIP_1                      3.242231e+01
SPI_OCTEON_0                            3.151800e+01
DRM_HDLCD_SHOW_UNDERRUN_0               3.103318e+01
MMC_SDHCI_BCM_KONA_0                    2.402783e+01
ARM_CCN_0                               2.397182e+01
EFI_PARAMS_FROM_FDT_0                   2.082105e+01
SPI_MXS_0                               2.058693e+01
ARM_PSCI_CHECKER_0                      1.962657e+01
SOUND_UART6850_0                        1.751189e+01
SWIOTLB_1                               6.413931e+00
SUNVNET_0                               5.867907e+00
Length: 25742, dtype: float64"	"count    83224.000000
mean       213.897489
std        203.821617
min          0.003451
25%         64.549563
50%        153.553039
75%        299.857092
max       2050.832447
Name: % error, dtype: float64"
9	Multiple Linear Regression	False		vmlinux	False	0.8	"GENERIC_CPU_AUTOPROBE_1             2.093680e+20
LOCKDEP_SUPPORT_1                   2.051328e+20
STACKTRACE_SUPPORT_1                1.787788e+20
TEXTSEARCH_FSM_1                    1.119551e+20
TEXTSEARCH_BM_1                     1.010844e+20
TEXTSEARCH_BM_2                     9.116466e+19
GENERIC_CLOCKEVENTS_MIN_ADJUST_1    8.900936e+19
TEXTSEARCH_FSM_2                    8.029399e+19
NETFILTER_XT_MATCH_TCPMSS_2         5.934464e+19
NETFILTER_XT_MATCH_TCPMSS_1         5.934464e+19
NETFILTER_XT_MATCH_TCPMSS_0         5.934464e+19
NETFILTER_XT_MATCH_TIME_1           5.220606e+19
NETFILTER_XT_MATCH_TIME_0           5.220606e+19
NETFILTER_XT_MATCH_TIME_2           5.220606e+19
GENERIC_CMOS_UPDATE_1               4.624965e+19
NETFILTER_XT_MATCH_U32_0            4.555997e+19
NETFILTER_XT_MATCH_U32_1            4.555997e+19
NETFILTER_XT_MATCH_U32_2            4.555997e+19
NFC_TRF7970A_1                      3.687169e+19
NFC_TRF7970A_0                      3.687169e+19
NFC_TRF7970A_2                      3.687169e+19
MPLS_0                              3.303812e+19
MPLS_1                              3.303812e+19
NFC_HCI_0                           3.252285e+19
NFC_HCI_2                           3.252285e+19
NFC_HCI_1                           3.252285e+19
X86_LOCAL_APIC_1                    2.995668e+19
NFC_SHDLC_1                         2.527191e+19
NFC_SHDLC_0                         2.527191e+19
OPENVSWITCH_GRE_0                   2.088676e+19
                                        ...     
OWL_PM_DOMAINS_HELPER_1             7.065600e+04
OWL_PM_DOMAINS_HELPER_0             7.065600e+04
OWL_PM_DOMAINS_0                    7.065600e+04
SECCOMP_1                           6.758400e+04
SECCOMP_0                           6.758400e+04
LATENCYTOP_0                        5.017600e+04
LATENCYTOP_1                        5.017600e+04
SERIAL_8250_PNP_1                   4.147200e+04
SERIAL_8250_PNP_0                   4.147200e+04
IBM_EMAC_RGMII_0                    2.457600e+04
CFG80211_CRDA_SUPPORT_0             1.740800e+04
CFG80211_CRDA_SUPPORT_1             1.740800e+04
CAIF_DEBUG_0                        1.126400e+04
CAIF_DEBUG_1                        1.126400e+04
X86_THERMAL_VECTOR_1                1.075200e+04
X86_THERMAL_VECTOR_0                1.075200e+04
X86_MCE_INTEL_1                     1.075200e+04
X86_MCE_INTEL_0                     1.075200e+04
MFD_DM355EVM_MSP_0                  5.120000e+03
PWM_STI_0                           3.072000e+03
PSTORE_CONSOLE_1                    2.816000e+03
PSTORE_CONSOLE_0                    2.816000e+03
PCI_IMX6_0                          1.536000e+03
MTD_SUN_UFLASH_0                    1.024000e+03
PCI_EXYNOS_0                        7.680000e+02
IBM_EMAC_EMAC4_0                    5.120000e+02
IBM_EMAC_TAH_0                      2.560000e+02
INPUT_BFIN_ROTARY_0                 2.560000e+02
CLKSRC_NOMADIK_MTU_0                1.920000e+02
KEYBOARD_SNVS_PWRKEY_0              1.840000e+02
Length: 26383, dtype: float64"	"count    7.397700e+04
mean     7.962751e+09
std      7.273613e+11
min      7.150822e-03
25%      6.426318e+01
50%      1.585716e+02
75%      3.200100e+02
max      1.232702e+14
Name: % error, dtype: float64"
